-- phpMyAdmin SQL Dump
-- version 4.6.5.2
-- https://www.phpmyadmin.net/
--
-- Host: 127.0.0.1
-- Generation Time: May 15, 2017 at 09:15 AM
-- Server version: 10.1.21-MariaDB
-- PHP Version: 5.6.30

SET SQL_MODE = "NO_AUTO_VALUE_ON_ZERO";
SET time_zone = "+00:00";


/*!40101 SET @OLD_CHARACTER_SET_CLIENT=@@CHARACTER_SET_CLIENT */;
/*!40101 SET @OLD_CHARACTER_SET_RESULTS=@@CHARACTER_SET_RESULTS */;
/*!40101 SET @OLD_COLLATION_CONNECTION=@@COLLATION_CONNECTION */;
/*!40101 SET NAMES utf8mb4 */;

--
-- Database: `labarduino`
--

-- --------------------------------------------------------

--
-- Table structure for table `query_log`
--

CREATE TABLE `query_log` (
  `id` int(11) NOT NULL,
  `current_timedate` timestamp NOT NULL DEFAULT CURRENT_TIMESTAMP ON UPDATE CURRENT_TIMESTAMP,
  `start_date` date NOT NULL,
  `start_time` time NOT NULL,
  `end_date` date NOT NULL,
  `end_time` time NOT NULL,
  `type` varchar(50) NOT NULL
) ENGINE=InnoDB DEFAULT CHARSET=latin1;

--
-- Dumping data for table `query_log`
--

INSERT INTO `query_log` (`id`, `current_timedate`, `start_date`, `start_time`, `end_date`, `end_time`, `type`) VALUES
(1, '2017-05-11 15:17:22', '0000-00-00', '00:00:00', '2017-05-17', '23:46:00', 'PieChart'),
(2, '2017-05-11 15:18:37', '2017-05-01', '00:01:00', '2017-05-11', '22:45:00', 'PieChart'),
(3, '2017-05-11 15:21:48', '2017-05-11', '12:34:00', '2017-05-15', '03:34:00', 'BarChart'),
(4, '2017-05-11 15:23:21', '2017-05-11', '00:00:00', '2017-05-13', '12:34:00', 'BarChart'),
(5, '2017-05-11 15:30:10', '2017-05-11', '00:00:00', '2017-05-11', '12:34:00', 'CalendarChart'),
(6, '2017-05-11 17:04:13', '2017-05-06', '00:00:00', '2017-05-12', '00:00:00', 'BarChart'),
(7, '2017-05-11 17:07:27', '2017-05-05', '00:00:00', '2017-05-12', '23:59:00', 'PieChart'),
(8, '2017-05-11 17:16:58', '2017-05-11', '00:00:00', '2017-05-11', '23:59:00', 'CalendarChart'),
(9, '2017-05-12 03:59:23', '2017-05-12', '00:00:00', '2017-05-12', '23:59:00', 'CalendarChart'),
(10, '2017-05-12 04:01:17', '2017-05-12', '00:00:00', '2017-05-12', '23:59:00', 'CalendarChart'),
(11, '2017-05-12 04:02:45', '2017-05-12', '00:00:00', '2017-05-12', '23:59:00', 'CalendarChart'),
(12, '2017-05-12 04:05:08', '2017-05-12', '00:00:00', '2017-05-12', '23:59:00', 'CalendarChart'),
(13, '2017-05-12 04:06:32', '2017-05-12', '00:00:00', '2017-05-12', '23:59:00', 'CalendarChart'),
(14, '2017-05-12 04:08:04', '2017-05-12', '00:00:00', '2017-05-12', '23:59:00', 'CalendarChart'),
(15, '2017-05-12 04:09:19', '2017-05-12', '00:00:00', '2017-05-12', '23:58:00', 'CalendarChart'),
(16, '2017-05-12 04:12:36', '2017-05-12', '00:00:00', '2017-05-12', '23:58:00', 'CalendarChart'),
(17, '2017-05-12 04:12:48', '2017-05-12', '00:00:00', '2017-05-12', '23:59:00', 'CalendarChart'),
(18, '2017-05-12 04:13:51', '2017-05-12', '00:00:00', '2017-05-12', '23:59:00', 'CalendarChart'),
(19, '2017-05-12 04:14:57', '2017-05-12', '00:00:00', '2017-05-12', '23:59:00', 'CalendarChart'),
(20, '2017-05-12 04:15:15', '2017-05-12', '00:00:00', '2017-05-12', '23:59:00', 'CalendarChart'),
(21, '2017-05-12 04:16:09', '2017-05-12', '00:00:00', '2017-05-12', '23:59:00', 'CalendarChart'),
(22, '2017-05-12 04:16:32', '2017-05-12', '00:00:00', '2017-05-12', '23:59:00', 'CalendarChart'),
(23, '2017-05-12 04:17:05', '2017-05-12', '00:00:00', '2017-05-12', '23:59:00', 'CalendarChart'),
(24, '2017-05-12 04:19:55', '2017-05-12', '00:00:00', '2017-05-12', '23:59:00', 'CalendarChart'),
(25, '2017-05-12 04:20:17', '2017-05-12', '00:00:00', '2017-05-12', '23:59:00', 'CalendarChart'),
(26, '2017-05-12 04:31:16', '2017-05-12', '00:00:00', '2017-05-12', '23:59:00', 'CalendarChart'),
(27, '2017-05-12 04:32:55', '2017-05-12', '00:00:00', '2017-05-12', '23:59:00', 'CalendarChart'),
(28, '2017-05-12 04:33:19', '2017-05-12', '00:00:00', '2017-05-12', '23:59:00', 'CalendarChart'),
(29, '2017-05-12 04:37:38', '2017-05-12', '00:00:00', '2017-05-12', '23:59:00', 'CalendarChart'),
(30, '2017-05-12 04:40:25', '2017-05-12', '00:02:00', '2017-05-12', '23:59:00', 'CalendarChart'),
(31, '2017-05-12 04:42:04', '2017-05-12', '00:00:00', '2017-05-12', '23:59:00', 'CalendarChart'),
(32, '2017-05-12 04:42:26', '2017-05-12', '00:00:00', '2017-05-12', '23:59:00', 'CalendarChart'),
(33, '2017-05-12 04:42:51', '2017-05-12', '00:00:00', '2017-05-12', '23:59:00', 'CalendarChart'),
(34, '2017-05-12 04:43:26', '2017-05-12', '00:00:00', '2017-05-12', '23:59:00', 'CalendarChart'),
(35, '2017-05-12 04:44:43', '2017-05-12', '00:00:00', '2017-05-12', '23:59:00', 'CalendarChart'),
(36, '2017-05-12 04:45:34', '2017-05-12', '00:00:00', '2017-05-12', '23:59:00', 'CalendarChart'),
(37, '2017-05-12 04:45:42', '2017-05-12', '00:00:00', '2017-05-12', '23:59:00', 'CalendarChart'),
(38, '2017-05-12 04:46:29', '2017-05-12', '00:00:00', '2017-05-12', '23:59:00', 'CalendarChart'),
(39, '2017-05-12 04:46:38', '2017-05-12', '00:00:00', '2017-05-12', '23:59:00', 'CalendarChart'),
(40, '2017-05-12 04:48:13', '2017-05-12', '00:00:00', '2017-05-12', '23:59:00', 'CalendarChart'),
(41, '2017-05-12 04:48:22', '2017-05-12', '00:00:00', '2017-05-12', '23:59:00', 'CalendarChart'),
(42, '2017-05-12 04:49:03', '2017-05-12', '00:00:00', '2017-05-12', '23:59:00', 'CalendarChart'),
(43, '2017-05-12 04:49:55', '2017-05-12', '00:00:00', '2017-05-12', '23:59:00', 'CalendarChart'),
(44, '2017-05-12 04:50:08', '2017-05-12', '00:00:00', '2017-05-12', '23:59:00', 'CalendarChart'),
(45, '2017-05-12 04:51:41', '2017-05-12', '00:00:00', '2017-05-12', '23:59:00', 'CalendarChart'),
(46, '2017-05-12 04:51:56', '2017-05-12', '00:00:00', '2017-05-12', '23:59:00', 'CalendarChart'),
(47, '2017-05-12 04:53:26', '2017-05-12', '00:00:00', '2017-05-12', '23:59:00', 'CalendarChart'),
(48, '2017-05-12 04:54:18', '2017-05-12', '00:00:00', '2017-05-12', '23:59:00', 'CalendarChart'),
(49, '2017-05-12 04:54:27', '2017-05-12', '00:00:00', '2017-05-12', '23:59:00', 'CalendarChart'),
(50, '2017-05-12 04:55:08', '2017-05-12', '00:00:00', '2017-05-12', '23:59:00', 'CalendarChart'),
(51, '2017-05-12 04:55:19', '2017-05-12', '00:00:00', '2017-05-12', '23:59:00', 'CalendarChart'),
(52, '2017-05-12 04:56:27', '2017-05-12', '00:00:00', '2017-05-12', '23:59:00', 'CalendarChart'),
(53, '2017-05-12 04:56:34', '2017-05-12', '00:00:00', '2017-05-12', '23:59:00', 'CalendarChart'),
(54, '2017-05-12 04:56:53', '2017-05-12', '00:00:00', '2017-05-12', '23:59:00', 'CalendarChart'),
(55, '2017-05-12 04:57:01', '2017-05-12', '00:00:00', '2017-05-12', '23:59:00', 'CalendarChart'),
(56, '2017-05-12 05:48:44', '2017-05-07', '00:00:00', '2017-05-12', '23:58:00', 'PieChart'),
(57, '2017-05-15 06:46:02', '2017-05-15', '00:00:00', '2017-05-15', '23:59:00', 'CalendarChart'),
(58, '2017-05-15 06:46:35', '2017-05-15', '00:00:00', '2017-05-15', '23:56:00', 'CalendarChart'),
(59, '2017-05-15 06:49:41', '2017-05-15', '00:00:00', '2017-05-15', '23:56:00', 'CalendarChart'),
(60, '2017-05-15 06:49:56', '2017-05-15', '00:00:00', '2017-05-15', '23:59:00', 'CalendarChart'),
(61, '2017-05-15 06:51:04', '2017-05-15', '00:00:00', '2017-05-15', '23:59:00', 'CalendarChart'),
(62, '2017-05-15 06:51:22', '2017-05-15', '00:00:00', '2017-05-15', '23:59:00', 'CalendarChart');

-- --------------------------------------------------------

--
-- Table structure for table `system_details`
--

CREATE TABLE `system_details` (
  `id` int(11) NOT NULL,
  `sensor_id` int(11) NOT NULL,
  `pc_ip` varchar(50) NOT NULL
) ENGINE=InnoDB DEFAULT CHARSET=latin1;

--
-- Dumping data for table `system_details`
--

INSERT INTO `system_details` (`id`, `sensor_id`, `pc_ip`) VALUES
(1, 1, '172.16.68.223'),
(2, 2, '172.16.68.155');

-- --------------------------------------------------------

--
-- Table structure for table `system_state`
--

CREATE TABLE `system_state` (
  `id` int(11) NOT NULL,
  `system_id` int(11) NOT NULL,
  `datetime` timestamp NOT NULL DEFAULT CURRENT_TIMESTAMP ON UPDATE CURRENT_TIMESTAMP,
  `state` int(11) NOT NULL
) ENGINE=InnoDB DEFAULT CHARSET=latin1;

--
-- Dumping data for table `system_state`
--

INSERT INTO `system_state` (`id`, `system_id`, `datetime`, `state`) VALUES
(1, 1, '2017-05-11 10:53:27', 3),
(2, 2, '2017-05-11 10:53:27', 3),
(3, 1, '2017-05-11 10:54:14', 1),
(4, 2, '2017-05-11 10:54:14', 1),
(5, 1, '2017-05-11 10:56:10', 1),
(6, 2, '2017-05-11 10:56:10', 3),
(7, 1, '2017-05-11 10:57:07', 1),
(8, 2, '2017-05-11 10:57:07', 1),
(9, 1, '2017-05-11 10:58:06', 1),
(10, 2, '2017-05-11 10:58:06', 1),
(11, 1, '2017-05-11 10:59:06', 3),
(12, 2, '2017-05-11 10:59:06', 3),
(15, 1, '2017-05-12 05:10:45', 1),
(16, 2, '2017-05-12 05:10:45', 3),
(17, 1, '2017-05-12 05:11:45', 3),
(18, 2, '2017-05-12 05:11:45', 3),
(19, 1, '2017-05-12 05:12:44', 1),
(20, 2, '2017-05-12 05:12:44', 3),
(21, 1, '2017-05-12 05:14:23', 3),
(22, 2, '2017-05-12 05:14:23', 3),
(23, 1, '2017-05-12 05:15:24', 1),
(24, 2, '2017-05-12 05:15:24', 3),
(25, 1, '2017-05-12 05:16:24', 1),
(26, 2, '2017-05-12 05:16:24', 3),
(27, 1, '2017-05-12 05:17:23', 3),
(28, 2, '2017-05-12 05:17:23', 3),
(29, 1, '2017-05-12 05:18:24', 3),
(30, 2, '2017-05-12 05:18:24', 3),
(31, 1, '2017-05-12 05:19:40', 3),
(32, 2, '2017-05-12 05:19:40', 3),
(33, 1, '2017-05-12 05:20:40', 1),
(34, 2, '2017-05-12 05:20:40', 3),
(35, 1, '2017-05-12 05:21:41', 1),
(36, 2, '2017-05-12 05:21:41', 3),
(37, 1, '2017-05-12 05:23:11', 3),
(38, 2, '2017-05-12 05:23:11', 3),
(39, 1, '2017-05-12 05:24:10', 1),
(40, 2, '2017-05-12 05:24:10', 3),
(41, 1, '2017-05-12 05:26:14', 2),
(42, 2, '2017-05-12 05:26:14', 4),
(43, 1, '2017-05-12 05:27:08', 2),
(44, 2, '2017-05-12 05:27:08', 4),
(45, 1, '2017-05-12 05:28:08', 3),
(46, 2, '2017-05-12 05:28:08', 3),
(47, 1, '2017-05-12 05:34:33', 3),
(48, 2, '2017-05-12 05:34:33', 3),
(49, 1, '2017-05-12 05:36:02', 3),
(50, 2, '2017-05-12 05:36:02', 1),
(51, 1, '2017-05-12 05:37:19', 1),
(52, 2, '2017-05-12 05:37:19', 3),
(53, 1, '2017-05-12 05:38:02', 1),
(54, 2, '2017-05-12 05:38:02', 3),
(55, 1, '2017-05-12 05:39:03', 3),
(56, 2, '2017-05-12 05:39:03', 1),
(57, 1, '2017-05-12 05:40:03', 1),
(58, 2, '2017-05-12 05:40:03', 3),
(59, 1, '2017-05-12 05:40:55', 3),
(60, 2, '2017-05-12 05:40:55', 3),
(61, 1, '2017-05-12 05:41:58', 1),
(62, 2, '2017-05-12 05:41:59', 3),
(63, 1, '2017-05-12 05:42:56', 3),
(64, 2, '2017-05-12 05:42:56', 3),
(65, 1, '2017-05-12 05:43:55', 1),
(66, 2, '2017-05-12 05:43:55', 3),
(67, 1, '2017-05-12 05:44:55', 1),
(68, 2, '2017-05-12 05:44:55', 3),
(69, 1, '2017-05-12 05:45:55', 1),
(70, 2, '2017-05-12 05:45:55', 1),
(71, 1, '2017-05-12 05:47:08', 3),
(72, 2, '2017-05-12 05:47:08', 1),
(73, 1, '2017-05-12 05:47:56', 1),
(74, 2, '2017-05-12 05:47:56', 3),
(75, 1, '2017-05-12 05:48:56', 1),
(76, 2, '2017-05-12 05:48:57', 3),
(77, 1, '2017-05-12 05:49:58', 1),
(78, 2, '2017-05-12 05:49:58', 3),
(79, 1, '2017-05-12 05:51:08', 1),
(80, 2, '2017-05-12 05:51:08', 3),
(81, 1, '2017-05-12 05:51:55', 1),
(82, 2, '2017-05-12 05:51:55', 3);

-- --------------------------------------------------------

--
-- Table structure for table `user_details`
--

CREATE TABLE `user_details` (
  `id` int(11) NOT NULL,
  `firstname` varchar(50) NOT NULL,
  `lastname` varchar(50) NOT NULL,
  `username` varchar(50) NOT NULL,
  `email` varchar(50) NOT NULL,
  `password` varchar(50) NOT NULL,
  `status` varchar(50) NOT NULL DEFAULT 'Inactive'
) ENGINE=InnoDB DEFAULT CHARSET=latin1;

--
-- Dumping data for table `user_details`
--

INSERT INTO `user_details` (`id`, `firstname`, `lastname`, `username`, `email`, `password`, `status`) VALUES
(8, 'SOUMYA', 'TIWARI', 'soumya', 'soumyatiwari95@gmail.com', 'd7812b94b1962436cd28c7b5004e059e', 'active');

--
-- Indexes for dumped tables
--

--
-- Indexes for table `query_log`
--
ALTER TABLE `query_log`
  ADD PRIMARY KEY (`id`);

--
-- Indexes for table `system_details`
--
ALTER TABLE `system_details`
  ADD PRIMARY KEY (`id`),
  ADD UNIQUE KEY `sensor_id` (`sensor_id`),
  ADD UNIQUE KEY `pc_ip` (`pc_ip`);

--
-- Indexes for table `system_state`
--
ALTER TABLE `system_state`
  ADD PRIMARY KEY (`id`),
  ADD KEY `system_state_fk0` (`system_id`);

--
-- Indexes for table `user_details`
--
ALTER TABLE `user_details`
  ADD PRIMARY KEY (`id`),
  ADD UNIQUE KEY `username` (`username`),
  ADD UNIQUE KEY `email` (`email`);

--
-- AUTO_INCREMENT for dumped tables
--

--
-- AUTO_INCREMENT for table `query_log`
--
ALTER TABLE `query_log`
  MODIFY `id` int(11) NOT NULL AUTO_INCREMENT, AUTO_INCREMENT=63;
--
-- AUTO_INCREMENT for table `system_state`
--
ALTER TABLE `system_state`
  MODIFY `id` int(11) NOT NULL AUTO_INCREMENT, AUTO_INCREMENT=83;
--
-- AUTO_INCREMENT for table `user_details`
--
ALTER TABLE `user_details`
  MODIFY `id` int(11) NOT NULL AUTO_INCREMENT, AUTO_INCREMENT=9;
--
-- Constraints for dumped tables
--

--
-- Constraints for table `system_state`
--
ALTER TABLE `system_state`
  ADD CONSTRAINT `system_state_fk0` FOREIGN KEY (`system_id`) REFERENCES `system_details` (`id`);

/*!40101 SET CHARACTER_SET_CLIENT=@OLD_CHARACTER_SET_CLIENT */;
/*!40101 SET CHARACTER_SET_RESULTS=@OLD_CHARACTER_SET_RESULTS */;
/*!40101 SET COLLATION_CONNECTION=@OLD_COLLATION_CONNECTION */;
